"gene_symbol","entrez_id","rho","p_value","FDR"
"ABI2",10152,-0.390033507293392,8.03408312652103e-08,0.00153667907960968
"MOSC1",64757,0.372386458961014,3.32635271292615e-07,0.00318115741700692
"CHAF1A",10036,0.321959588995695,1.24261275678578e-05,0.0396124236650694
"MRPL1",65008,0.331830442484683,6.4235665614665e-06,0.0396124236650694
"RRS1",23212,0.32463274214523,1.04163254790739e-05,0.0396124236650694
"UQCRC2",7385,0.323181575642239,1.14656763806499e-05,0.0396124236650694
"HMBS",3145,0.318939976142697,1.51362469474479e-05,0.0413587136234053
"BCORL1",63035,-0.312259799985293,2.32446193145933e-05,0.0424496828500804
"DHODH",1723,0.30933979429704,2.79490308192116e-05,0.0424496828500804
"MRPL16",54948,0.308833096980725,2.88516692137316e-05,0.0424496828500804
"PSMB8",5696,0.315841327169846,1.84922832367057e-05,0.0424496828500804
"TANC2",26115,-0.310714806245161,2.56318091506952e-05,0.0424496828500804
"VARS",7407,0.312725355211822,2.25674528723424e-05,0.0424496828500804
"BCS1L",617,0.298048456023852,5.59809616834752e-05,0.0475443747362366
"C3orf66",677779,-0.299426271434568,5.1509921777617e-05,0.0475443747362366
"CACNG4",27092,-0.299507917524692,5.12558008608696e-05,0.0475443747362366
"FARSB",10056,0.303981578445664,3.90004263577688e-05,0.0475443747362366
"FH",2271,0.296280428849616,6.22530535389793e-05,0.0475443747362366
"IDS",3423,-0.30260548381097,4.2440428210638e-05,0.0475443747362366
"NAB2",4665,-0.302064140524308,4.38703328265941e-05,0.0475443747362366
"NDUFS2",4720,0.30190173753831,4.43080607893349e-05,0.0475443747362366
"NPTXR",23467,-0.297500616617751,5.78579720603107e-05,0.0475443747362366
"PHLPP2",23035,-0.294475590331886,6.93318287753655e-05,0.0475443747362366
"RPL29",6159,0.294410629137486,6.96001721448542e-05,0.0475443747362366
"SPIRE1",56907,-0.294645572123898,6.86342480920423e-05,0.0475443747362366
"THAP2",83591,-0.296701593926638,6.07017818760958e-05,0.0475443747362366
"TRABD",80305,0.295209651828599,6.63662300021016e-05,0.0475443747362366
"YPEL2",388403,-0.30048450081383,4.83061236660671e-05,0.0475443747362366
