"PATIENT_ID","SAMPLE_ID","SAMPLE_TYPE","TUMOR_TISSUE_SITE","TUMOR_TYPE","AGE","SEX","AJCC_PATHOLOGIC_TUMOR_STAGE","PATH_T_STAGE","PATH_N_STAGE","PATH_M_STAGE","OS_STATUS","OS_MONTHS"
"TCGA-2J-AAB1","TCGA-2J-AAB1-01","Primary","Pancreas","Pancreas Adenocarcinoma, Other Subtype",65,"Male","STAGE IIB","T3","N1","M0","1:DECEASED",2.169839235
"TCGA-2J-AAB4","TCGA-2J-AAB4-01","Primary","Pancreas","Pancreas Adenocarcinoma, Other Subtype",48,"Male","STAGE IIB","T2","N1","M0","0:LIVING",23.96686064
"TCGA-2J-AAB6","TCGA-2J-AAB6-01","Primary","Pancreas","Pancreas Adenocarcinoma, Ductal Type",75,"Male","STAGE IIA","T3","N0","M0","1:DECEASED",9.632771148
"TCGA-2J-AAB8","TCGA-2J-AAB8-01","Primary","Pancreas","Pancreas Adenocarcinoma, Ductal Type",71,"Male","STAGE IIB","T3","N1","M0","0:LIVING",2.630108163
"TCGA-2J-AAB9","TCGA-2J-AAB9-01","Primary","Pancreas","Pancreas Adenocarcinoma, Ductal Type",70,"Female","STAGE IIB","T3","N1","M0","1:DECEASED",20.61347273
"TCGA-2J-AABA","TCGA-2J-AABA-01","Primary","Pancreas","Pancreas Adenocarcinoma, Ductal Type",55,"Male","STAGE IIB","T3","N1","M0","1:DECEASED",19.95594569
"TCGA-2J-AABE","TCGA-2J-AABE-01","Primary","Pancreas","Pancreas Adenocarcinoma, Ductal Type",73,"Male","STAGE IIA","T3","N0","M0","0:LIVING",22.22441398
"TCGA-2J-AABF","TCGA-2J-AABF-01","Primary","Pancreas","Pancreas Adenocarcinoma, Ductal Type",73,"Male","STAGE IIB","T3","N1","M0","1:DECEASED",22.71755926
"TCGA-2J-AABH","TCGA-2J-AABH-01","Primary","Pancreas","Pancreas Adenocarcinoma, Other Subtype",61,"Male","STAGE IIA","T3","N0","M0","0:LIVING",42.31186508
"TCGA-2J-AABI","TCGA-2J-AABI-01","Primary","Pancreas","Pancreas Adenocarcinoma, Other Subtype",55,"Female","STAGE IIA","T3","N0","M0","0:LIVING",31.85718513
"TCGA-2J-AABK","TCGA-2J-AABK-01","Primary","Pancreas","Pancreas Adenocarcinoma, Ductal Type",71,"Male","STAGE IIB","T3","N1","M0","0:LIVING",15.91215439
"TCGA-2J-AABO","TCGA-2J-AABO-01","Primary","Pancreas","Pancreas Adenocarcinoma, Ductal Type",43,"Male","STAGE IIB","T3","N1","M0","0:LIVING",14.4655949
"TCGA-2J-AABP","TCGA-2J-AABP-01","Primary","Pancreas","Pancreas Carcinoma, Undifferentiated",58,"Female","STAGE IIB","T3","N1","M0","0:LIVING",15.221751
"TCGA-2J-AABR","TCGA-2J-AABR-01","Primary","Pancreas","Pancreas Adenocarcinoma, Ductal Type",60,"Female","STAGE IIA","T3","N0","M0","0:LIVING",14.39984219
"TCGA-2J-AABT","TCGA-2J-AABT-01","Primary","Pancreas","Pancreas Adenocarcinoma, Ductal Type",72,"Female","STAGE IIB","T3","N1","M0","0:LIVING",10.4875563
"TCGA-2J-AABU","TCGA-2J-AABU-01","Primary","Pancreas","Pancreas Adenocarcinoma, Ductal Type",56,"Male","STAGE IIB","T3","N1","M0","1:DECEASED",9.106749515
"TCGA-2J-AABV","TCGA-2J-AABV-01","Primary","Pancreas","Pancreas Adenocarcinoma, Ductal Type",74,"Male","STAGE IIB","T3","N1","M0","1:DECEASED",21.43538153
"TCGA-2L-AAQA","TCGA-2L-AAQA-01","Primary","Pancreas","Pancreas Adenocarcinoma, Ductal Type",76,"Male","STAGE IIB","T3","N1","MX","1:DECEASED",4.701318342
"TCGA-2L-AAQE","TCGA-2L-AAQE-01","Primary","Pancreas","Pancreas Adenocarcinoma, Ductal Type",56,"Male","STAGE IIB","T3","N1","M0","1:DECEASED",22.4874248
"TCGA-2L-AAQI","TCGA-2L-AAQI-01","Primary","Pancreas","Pancreas Adenocarcinoma, Ductal Type",66,"Male","STAGE IIB","T3","N1","MX","1:DECEASED",3.38626426
"TCGA-2L-AAQJ","TCGA-2L-AAQJ-01","Primary","Pancreas","Pancreas Adenocarcinoma, Ductal Type",49,"Female","STAGE III","T4","N0","MX","1:DECEASED",12.9532827
"TCGA-2L-AAQL","TCGA-2L-AAQL-01","Primary","Pancreas","Pancreas Adenocarcinoma, Ductal Type",82,"Male","STAGE IIB","T3","N1","MX","1:DECEASED",9.599894796
"TCGA-2L-AAQM","TCGA-2L-AAQM-01","Primary","Pancreas","Pancreas Adenocarcinoma, Other Subtype",52,"Male","STAGE IIB","T3","N1","MX","0:LIVING",45.46799487
"TCGA-3A-A9I5","TCGA-3A-A9I5-01","Primary","Pancreas","Pancreas Adenocarcinoma, Ductal Type",57,"Male","","","N0","MX","0:LIVING",58.98017556
"TCGA-3A-A9I7","TCGA-3A-A9I7-01","Primary","Pancreas","Pancreas Adenocarcinoma, Ductal Type",45,"Male","STAGE IIB","T3","N1","MX","0:LIVING",43.49541375
"TCGA-3A-A9I9","TCGA-3A-A9I9-01","Primary","Pancreas","Pancreas Adenocarcinoma, Ductal Type",67,"Male","STAGE IIA","T3","N0","MX","1:DECEASED",20.84360719
"TCGA-3A-A9IB","TCGA-3A-A9IB-01","Primary","Pancreas","Pancreas Adenocarcinoma, Ductal Type",69,"Female","STAGE IIB","T3","N1","MX","1:DECEASED",7.364302857
"TCGA-3A-A9IC","TCGA-3A-A9IC-01","Primary","Pancreas","Pancreas Adenocarcinoma, Ductal Type",61,"Female","STAGE IIB","T3","N1","MX","1:DECEASED",24.26274781
"TCGA-3A-A9IH","TCGA-3A-A9IH-01","Primary","Pancreas","Pancreas Adenocarcinoma, Ductal Type",66,"Female","STAGE IA","T1","N0","MX","0:LIVING",33.56675543
"TCGA-3A-A9IJ","TCGA-3A-A9IJ-01","Primary","Pancreas","Pancreas Adenocarcinoma, Other Subtype",65,"Male","STAGE IB","T2","N0","MX","0:LIVING",60.95275668
"TCGA-3A-A9IL","TCGA-3A-A9IL-01","Primary","Pancreas","Pancreas Adenocarcinoma, Other Subtype",39,"Female","STAGE I","T1","","MX","0:LIVING",90.11408094
"TCGA-3A-A9IN","TCGA-3A-A9IN-01","Primary","Pancreas","Pancreas Adenocarcinoma, Other Subtype",62,"Female","STAGE IB","T2","NX","MX","0:LIVING",68.51431765
"TCGA-3A-A9IO","TCGA-3A-A9IO-01","Primary","Pancreas","Pancreas Adenocarcinoma, Other Subtype",55,"Male","","TX","NX","MX","0:LIVING",63.84587566
"TCGA-3A-A9IR","TCGA-3A-A9IR-01","Primary","Pancreas","Pancreas Adenocarcinoma, Other Subtype",64,"Female","STAGE IB","T2","N0","MX","0:LIVING",50.69533485
"TCGA-3A-A9IS","TCGA-3A-A9IS-01","Primary","Pancreas","Pancreas Adenocarcinoma, Other Subtype",67,"Male","STAGE IB","T2","N0","MX","0:LIVING",32.81059934
"TCGA-3A-A9IU","TCGA-3A-A9IU-01","Primary","Pancreas","Pancreas Adenocarcinoma, Ductal Type",65,"Male","STAGE IIB","T3","N1","MX","1:DECEASED",15.05736923
"TCGA-3A-A9IV","TCGA-3A-A9IV-01","Primary","Pancreas","Pancreas Adenocarcinoma, Other Subtype",59,"Female","STAGE IB","T2","N0","MX","0:LIVING",36.2626163
"TCGA-3A-A9IX","TCGA-3A-A9IX-01","Primary","Pancreas","Pancreas Adenocarcinoma, Ductal Type",40,"Male","STAGE IA","T1","N0","MX","0:LIVING",34.09277707
"TCGA-3A-A9IZ","TCGA-3A-A9IZ-01","Primary","Pancreas","Pancreas Adenocarcinoma, Ductal Type",47,"Male","STAGE IIB","T3","N1","MX","1:DECEASED",10.12591643
"TCGA-3A-A9J0","TCGA-3A-A9J0-01","Primary","Pancreas","Pancreas Adenocarcinoma, Ductal Type",75,"Male","STAGE IIB","T3","N1","MX","0:LIVING",24.42712957
"TCGA-3E-AAAY","TCGA-3E-AAAY-01","Primary","Pancreas","Pancreas Adenocarcinoma, Ductal Type",67,"Male","STAGE IIB","T3","N1","MX","0:LIVING",75.12246441
"TCGA-3E-AAAZ","TCGA-3E-AAAZ-01","Primary","Pancreas","Pancreas Adenocarcinoma, Ductal Type",71,"Male","STAGE IIA","T3","N0","MX","1:DECEASED",71.73620015
"TCGA-F2-6879","TCGA-F2-6879-01","Primary","Pancreas","Pancreas Adenocarcinoma, Other Subtype",57,"Male","STAGE IIB","T3","N1","M0","1:DECEASED",10.98070158
"TCGA-F2-6880","TCGA-F2-6880-01","Primary","Pancreas","Pancreas Adenocarcinoma, Ductal Type",70,"Male","STAGE IIB","T3","N1","M0","0:LIVING",9.698523852
"TCGA-F2-7273","TCGA-F2-7273-01","Primary","Pancreas","Pancreas Adenocarcinoma, Ductal Type",54,"Male","STAGE IIB","T3","N1","M0","1:DECEASED",19.46280041
"TCGA-F2-7276","TCGA-F2-7276-01","Primary","Pancreas","Pancreas Adenocarcinoma, Ductal Type",64,"Male","STAGE IIB","T3","N1","M0","1:DECEASED",7.101292041
"TCGA-F2-A44G","TCGA-F2-A44G-01","Primary","Pancreas","Pancreas Adenocarcinoma, Ductal Type",79,"Female","STAGE IIB","T3","N1","M0","1:DECEASED",7.660190025
"TCGA-F2-A44H","TCGA-F2-A44H-01","Primary","Pancreas","Pancreas Adenocarcinoma, Ductal Type",65,"Male","STAGE IIA","T3","N0","M0","0:LIVING",19.2655423
"TCGA-F2-A7TX","TCGA-F2-A7TX-01","Primary","Pancreas","Pancreas Adenocarcinoma, Ductal Type",77,"Male","STAGE IIB","T3","N1","M0","1:DECEASED",3.123253444
"TCGA-F2-A8YN","TCGA-F2-A8YN-01","Primary","Pancreas","Pancreas Adenocarcinoma, Ductal Type",76,"Male","STAGE IIA","T3","N0","M0","0:LIVING",16.99707401
"TCGA-FB-A4P5","TCGA-FB-A4P5-01","Primary","Pancreas","Pancreas Adenocarcinoma, Ductal Type",69,"Female","STAGE IIB","T3","N1","MX","1:DECEASED",5.884867015
"TCGA-FB-A4P6","TCGA-FB-A4P6-01","Primary","Pancreas","Pancreas Adenocarcinoma, Ductal Type",54,"Male","STAGE IIB","T3","N1","MX","0:LIVING",25.21616202
"TCGA-FB-A545","TCGA-FB-A545-01","Primary","Pancreas","Pancreas Adenocarcinoma, Ductal Type",72,"Female","STAGE IIB","T3","N1","M0","1:DECEASED",24.06548969
"TCGA-FB-A5VM","TCGA-FB-A5VM-01","Primary","Pancreas","Pancreas Adenocarcinoma, Ductal Type",74,"Male","STAGE IB","T2","N0","M0","1:DECEASED",16.37242332
"TCGA-FB-A78T","TCGA-FB-A78T-01","Primary","Pancreas","Pancreas Adenocarcinoma, Ductal Type",71,"Female","STAGE IIB","T3","N1","M0","1:DECEASED",12.32863202
"TCGA-FB-A7DR","TCGA-FB-A7DR-01","Primary","Pancreas","Pancreas Carcinoma, Colloid (Mucinous Non-Cystic)",48,"Male","STAGE IIA","T3","NX","M0","1:DECEASED",11.60535227
"TCGA-FB-AAPP","TCGA-FB-AAPP-01","Primary","Pancreas","Pancreas Adenocarcinoma, Ductal Type",71,"Male","STAGE IIB","T3","N1","MX","1:DECEASED",15.94503074
"TCGA-FB-AAPQ","TCGA-FB-AAPQ-01","Primary","Pancreas","Pancreas Adenocarcinoma, Ductal Type",65,"Male","STAGE IIB","T3","N1","MX","1:DECEASED",37.15027781
"TCGA-FB-AAPS","TCGA-FB-AAPS-01","Primary","Pancreas","Pancreas Adenocarcinoma, Ductal Type",62,"Female","STAGE IIB","T2","N1","MX","0:LIVING",7.495808265
"TCGA-FB-AAPU","TCGA-FB-AAPU-01","Primary","Pancreas","Pancreas Adenocarcinoma, Ductal Type",41,"Female","STAGE IIA","T3","N0","MX","1:DECEASED",12.52589013
"TCGA-FB-AAPY","TCGA-FB-AAPY-01","Primary","Pancreas","Pancreas Adenocarcinoma, Ductal Type",71,"Male","STAGE IIB","T2","N1","MX","1:DECEASED",34.81605681
"TCGA-FB-AAPZ","TCGA-FB-AAPZ-01","Primary","Pancreas","Pancreas Adenocarcinoma, Ductal Type",54,"Male","STAGE IIB","T2","N1","MX","0:LIVING",23.53946806
"TCGA-FB-AAQ0","TCGA-FB-AAQ0-01","Primary","Pancreas","Pancreas Adenocarcinoma, Ductal Type",68,"Male","STAGE IIA","T3","N0","MX","1:DECEASED",15.55051452
"TCGA-FB-AAQ1","TCGA-FB-AAQ1-01","Primary","Pancreas","Pancreas Adenocarcinoma, Ductal Type",49,"Male","STAGE IIB","T3","N1","MX","1:DECEASED",4.043791301
"TCGA-FB-AAQ2","TCGA-FB-AAQ2-01","Primary","Pancreas","Pancreas Adenocarcinoma, Ductal Type",81,"Female","STAGE IIB","T3","N1","MX","1:DECEASED",5.030081862
"TCGA-FB-AAQ3","TCGA-FB-AAQ3-01","Primary","Pancreas","Pancreas Adenocarcinoma, Ductal Type",65,"Female","STAGE IIB","T3","N1","MX","1:DECEASED",1.019166913
"TCGA-FB-AAQ6","TCGA-FB-AAQ6-01","Primary","Pancreas","Pancreas Adenocarcinoma, Ductal Type",85,"Male","STAGE IA","T1","N0","MX","1:DECEASED",8.021829898
"TCGA-H6-8124","TCGA-H6-8124-01","Primary","Pancreas","Pancreas Adenocarcinoma, Ductal Type",56,"Female","STAGE IIB","T3","N1","M0","0:LIVING",12.88753
"TCGA-H6-A45N","TCGA-H6-A45N-01","Primary","Pancreas","Pancreas Adenocarcinoma, Other Subtype",88,"Female","STAGE IIB","T3","N1","MX","1:DECEASED",13.84094421
"TCGA-H8-A6C1","TCGA-H8-A6C1-01","Primary","Pancreas","Pancreas Adenocarcinoma, Other Subtype",53,"Male","STAGE IIA","T3","N0","MX","0:LIVING",22.06003222
"TCGA-HV-A5A3","TCGA-HV-A5A3-01","Primary","Pancreas","Pancreas Adenocarcinoma, Ductal Type",50,"Male","STAGE IIA","T3","NX","MX","1:DECEASED",4.208173061
"TCGA-HV-A5A4","TCGA-HV-A5A4-01","Primary","Pancreas","Pancreas Adenocarcinoma, Ductal Type",72,"Female","STAGE IIA","T3","N0","MX","0:LIVING",7.627313673
"TCGA-HV-A5A5","TCGA-HV-A5A5-01","Primary","Pancreas","Pancreas Adenocarcinoma, Ductal Type",61,"Female","STAGE IIB","T3","N1","M0","0:LIVING",9.50126574
"TCGA-HV-A5A6","TCGA-HV-A5A6-01","Primary","Pancreas","Pancreas Adenocarcinoma, Ductal Type",65,"Female","STAGE IIB","T3","N1B","M0","1:DECEASED",66.93625275
"TCGA-HV-A7OL","TCGA-HV-A7OL-01","Primary","Pancreas","Pancreas Adenocarcinoma, Ductal Type",70,"Male","STAGE IIA","T3","N0","MX","0:LIVING",8.284840714
"TCGA-HV-A7OP","TCGA-HV-A7OP-01","Primary","Pancreas","Pancreas Adenocarcinoma, Other Subtype",72,"Male","STAGE IIB","T3","N1","M0","0:LIVING",32.1530723
"TCGA-HV-AA8V","TCGA-HV-AA8V-01","Primary","Pancreas","Pancreas Adenocarcinoma, Ductal Type",50,"Male","STAGE IIB","T3","N1","MX","0:LIVING",30.24624388
"TCGA-HV-AA8X","TCGA-HV-AA8X-01","Primary","Pancreas","Pancreas Adenocarcinoma, Ductal Type",75,"Female","STAGE IIB","T2","N1","MX","1:DECEASED",17.49021929
"TCGA-HZ-7289","TCGA-HZ-7289-01","Primary","Pancreas","Pancreas Adenocarcinoma, Other Subtype",77,"Male","STAGE IIB","T3","N1","MX","1:DECEASED",21.7312687
"TCGA-HZ-7918","TCGA-HZ-7918-01","Primary","Pancreas","Pancreas Adenocarcinoma, Ductal Type",72,"Male","STAGE IIB","T3","N1","M0","0:LIVING",31.85718513
"TCGA-HZ-7919","TCGA-HZ-7919-01","Primary","Pancreas","Pancreas Adenocarcinoma, Ductal Type",52,"Female","STAGE IIB","T3","N1","M0","1:DECEASED",19.49567676
"TCGA-HZ-7920","TCGA-HZ-7920-01","Primary","Pancreas","Pancreas Adenocarcinoma, Ductal Type",71,"Male","STAGE IB","T2","N0","MX","1:DECEASED",7.758819081
"TCGA-HZ-7922","TCGA-HZ-7922-01","Primary","Pancreas","Pancreas Adenocarcinoma, Ductal Type",61,"Female","STAGE IIB","T3","N1","MX","0:LIVING",0.131505408
"TCGA-HZ-7923","TCGA-HZ-7923-01","Primary","Pancreas","Pancreas Adenocarcinoma, Ductal Type",65,"Male","STAGE IIA","T3","N0","MX","0:LIVING",10.32317454
"TCGA-HZ-7924","TCGA-HZ-7924-01","Primary","Pancreas","Pancreas Adenocarcinoma, Ductal Type",60,"Female","STAGE IIA","T3","N0","MX","0:LIVING",27.61613571
"TCGA-HZ-7925","TCGA-HZ-7925-01","Primary","Pancreas","Pancreas Adenocarcinoma, Ductal Type",66,"Male","STAGE IIB","T3","N1","MX","1:DECEASED",20.18608015
"TCGA-HZ-7926","TCGA-HZ-7926-01","Primary","Pancreas","Pancreas Adenocarcinoma, Ductal Type",57,"Male","STAGE IIB","T3","N1","MX","1:DECEASED",17.02995036
"TCGA-HZ-8001","TCGA-HZ-8001-01","Primary","Pancreas","Pancreas Adenocarcinoma, Ductal Type",69,"Male","STAGE III","T4","N0","MX","0:LIVING",23.21070454
"TCGA-HZ-8002","TCGA-HZ-8002-01","Primary","Pancreas","Pancreas Adenocarcinoma, Ductal Type",61,"Male","STAGE IIB","T3","N1","MX","1:DECEASED",12.03274485
"TCGA-HZ-8003","TCGA-HZ-8003-01","Primary","Pancreas","Pancreas Adenocarcinoma, Ductal Type",65,"Female","STAGE IIB","T3","N1","MX","1:DECEASED",19.59430582
"TCGA-HZ-8005","TCGA-HZ-8005-01","Primary","Pancreas","Pancreas Adenocarcinoma, Ductal Type",81,"Male","STAGE IIB","T3","N1","MX","1:DECEASED",3.945162245
"TCGA-HZ-8315","TCGA-HZ-8315-01","Primary","Pancreas","Pancreas Adenocarcinoma, Ductal Type",54,"Female","STAGE IIA","T3","N0","MX","1:DECEASED",9.83002926
"TCGA-HZ-8317","TCGA-HZ-8317-01","Primary","Pancreas","Pancreas Adenocarcinoma, Ductal Type",69,"Female","STAGE IIB","T3","N1","MX","1:DECEASED",12.42726107
"TCGA-HZ-8519","TCGA-HZ-8519-01","Primary","Pancreas","Pancreas Adenocarcinoma, Other Subtype",73,"Male","STAGE IA","T1","N0","MX","0:LIVING",14.92586383
"TCGA-HZ-8636","TCGA-HZ-8636-01","Primary","Pancreas","Pancreas Adenocarcinoma, Ductal Type",58,"Female","STAGE IV","T3","N0","M1","1:DECEASED",17.91761186
"TCGA-HZ-8637","TCGA-HZ-8637-01","Primary","Pancreas","Pancreas Adenocarcinoma, Ductal Type",76,"Female","STAGE IIB","T3","N1","MX","1:DECEASED",16.99707401
"TCGA-HZ-8638","TCGA-HZ-8638-01","Primary","Pancreas","Pancreas Carcinoma, Colloid (Mucinous Non-Cystic)",84,"Female","STAGE IA","T1","N0","MX","1:DECEASED",4.964329158
"TCGA-HZ-A49G","TCGA-HZ-A49G-01","Primary","Pancreas","Pancreas Adenocarcinoma, Ductal Type",58,"Female","STAGE IIB","T2","N1","MX","0:LIVING",21.69839235
"TCGA-HZ-A49H","TCGA-HZ-A49H-01","Primary","Pancreas","Pancreas Adenocarcinoma, Ductal Type",68,"Female","STAGE IIB","T3","N1","MX","0:LIVING",16.14228885
"TCGA-HZ-A49I","TCGA-HZ-A49I-01","Primary","Pancreas","Pancreas Adenocarcinoma, Ductal Type",77,"Male","STAGE IIB","T3","N1","MX","1:DECEASED",10.12591643
"TCGA-HZ-A4BH","TCGA-HZ-A4BH-01","Primary","Pancreas","Pancreas Adenocarcinoma, Ductal Type",75,"Male","STAGE IIB","T3","N1B","MX","0:LIVING",6.378012296
"TCGA-HZ-A4BK","TCGA-HZ-A4BK-01","Primary","Pancreas","Pancreas Adenocarcinoma, Other Subtype",72,"Male","STAGE IIB","T3","N1","MX","0:LIVING",21.59976329
"TCGA-HZ-A77O","TCGA-HZ-A77O-01","Primary","Pancreas","Pancreas Adenocarcinoma, Ductal Type",77,"Female","STAGE IIB","T2","N1","MX","1:DECEASED",5.260216326
"TCGA-HZ-A77P","TCGA-HZ-A77P-01","Primary","Pancreas","Pancreas Adenocarcinoma, Other Subtype",77,"Male","STAGE IIB","T3","N1","MX","0:LIVING",10.84919617
"TCGA-HZ-A77Q","TCGA-HZ-A77Q-01","Primary","Pancreas","Pancreas Adenocarcinoma, Other Subtype",55,"Female","STAGE IIB","T3","N1","MX","0:LIVING",1.084919617
"TCGA-HZ-A8P0","TCGA-HZ-A8P0-01","Primary","Pancreas","Pancreas Adenocarcinoma, Ductal Type",76,"Male","STAGE IIB","T3","N1","MX","0:LIVING",0
"TCGA-HZ-A8P1","TCGA-HZ-A8P1-01","Primary","Pancreas","Pancreas Adenocarcinoma, Ductal Type",81,"Male","STAGE IB","T2","N0","MX","0:LIVING",0.230134464
"TCGA-HZ-A9TJ","TCGA-HZ-A9TJ-01","Primary","Pancreas","Pancreas Adenocarcinoma, Other Subtype",70,"Male","STAGE IV","T3","N0","M1","0:LIVING",19.82444028
"TCGA-IB-7644","TCGA-IB-7644-01","Primary","Pancreas","Pancreas Adenocarcinoma, Ductal Type",65,"Female","STAGE IV","T3","N1","M1","1:DECEASED",12.9532827
"TCGA-IB-7645","TCGA-IB-7645-01","Primary","Pancreas","Pancreas Adenocarcinoma, Ductal Type",44,"Female","STAGE IIB","T3","N1","M0","1:DECEASED",49.38028076
"TCGA-IB-7646","TCGA-IB-7646-01","Primary","Pancreas","Pancreas Adenocarcinoma, Ductal Type",60,"Male","STAGE IIB","T3","N1","M0","1:DECEASED",4.767071046
"TCGA-IB-7647","TCGA-IB-7647-01","Primary","Pancreas","Pancreas Adenocarcinoma, Ductal Type",41,"Male","STAGE IIB","T3","N1","M0","1:DECEASED",21.89565046
"TCGA-IB-7649","TCGA-IB-7649-01","Primary","Pancreas","Pancreas Adenocarcinoma, Ductal Type",73,"Female","STAGE IIB","T3","N1","M0","1:DECEASED",15.3532564
"TCGA-IB-7651","TCGA-IB-7651-01","Primary","Pancreas","Pancreas Adenocarcinoma, Ductal Type",64,"Female","STAGE IIB","T3","N1","M0","1:DECEASED",19.82444028
"TCGA-IB-7652","TCGA-IB-7652-01","Primary","Pancreas","Pancreas Adenocarcinoma, Ductal Type",49,"Female","STAGE IIB","T3","N1","M0","0:LIVING",36.69000888
"TCGA-IB-7885","TCGA-IB-7885-01","Primary","Pancreas","Pancreas Adenocarcinoma, Ductal Type",78,"Female","STAGE IIB","T3","N1","M0","0:LIVING",41.32557451
"TCGA-IB-7886","TCGA-IB-7886-01","Primary","Pancreas","Pancreas Adenocarcinoma, Ductal Type",80,"Male","STAGE IIB","T3","N1","M0","1:DECEASED",4.043791301
"TCGA-IB-7887","TCGA-IB-7887-01","Primary","Pancreas","Pancreas Adenocarcinoma, Ductal Type",62,"Female","STAGE IIB","T3","N1","M0","1:DECEASED",3.616398724
"TCGA-IB-7888","TCGA-IB-7888-01","Primary","Pancreas","Pancreas Adenocarcinoma, Ductal Type",66,"Female","STAGE IIA","T3","N0","M0","1:DECEASED",43.79130092
"TCGA-IB-7889","TCGA-IB-7889-01","Primary","Pancreas","Pancreas Adenocarcinoma, Ductal Type",85,"Female","STAGE IIB","T3","N1","M0","1:DECEASED",15.81352533
"TCGA-IB-7890","TCGA-IB-7890-01","Primary","Pancreas","Pancreas Adenocarcinoma, Ductal Type",73,"Male","STAGE IB","T2","N0","M0","1:DECEASED",19.66005852
"TCGA-IB-7891","TCGA-IB-7891-01","Primary","Pancreas","Pancreas Adenocarcinoma, Ductal Type",49,"Female","STAGE IIB","T3","N1","M0","1:DECEASED",30.01610941
"TCGA-IB-7893","TCGA-IB-7893-01","Primary","Pancreas","Pancreas Adenocarcinoma, Ductal Type",64,"Male","STAGE IIA","T3","N0","M0","1:DECEASED",3.846533189
"TCGA-IB-7897","TCGA-IB-7897-01","Primary","Pancreas","Pancreas Adenocarcinoma, Ductal Type",53,"Female","STAGE IIB","T3","N1","M0","1:DECEASED",15.97790709
"TCGA-IB-8126","TCGA-IB-8126-01","Primary","Pancreas","Pancreas Adenocarcinoma, Ductal Type",79,"Female","STAGE III","T4","N1","M0","0:LIVING",15.18887464
"TCGA-IB-8127","TCGA-IB-8127-01","Primary","Pancreas","Pancreas Adenocarcinoma, Ductal Type",59,"Male","STAGE IIB","T3","N1","M0","0:LIVING",17.16145577
"TCGA-IB-A5SO","TCGA-IB-A5SO-01","Primary","Pancreas","Pancreas Adenocarcinoma, Ductal Type",71,"Male","STAGE IIB","T3","N1","M0","1:DECEASED",11.9998685
"TCGA-IB-A5SP","TCGA-IB-A5SP-01","Primary","Pancreas","Pancreas Adenocarcinoma, Ductal Type",77,"Male","STAGE IIA","T3","N0","M0","0:LIVING",15.84640168
"TCGA-IB-A5SQ","TCGA-IB-A5SQ-01","Primary","Pancreas","Pancreas Adenocarcinoma, Ductal Type",56,"Female","STAGE IB","T2","N0","M0","1:DECEASED",7.199921097
"TCGA-IB-A5SS","TCGA-IB-A5SS-01","Primary","Pancreas","Pancreas Adenocarcinoma, Ductal Type",64,"Female","STAGE IIB","T3","N1","M0","1:DECEASED",15.12312194
"TCGA-IB-A5ST","TCGA-IB-A5ST-01","Primary","Pancreas","Pancreas Adenocarcinoma, Ductal Type",64,"Female","STAGE IIB","T3","N1","M0","0:LIVING",20.87648355
"TCGA-IB-A6UF","TCGA-IB-A6UF-01","Primary","Pancreas","Pancreas Adenocarcinoma, Ductal Type",63,"Male","STAGE IIB","T3","N1","M0","0:LIVING",21.89565046
"TCGA-IB-A6UG","TCGA-IB-A6UG-01","Primary","Pancreas","Pancreas Adenocarcinoma, Ductal Type",65,"Male","STAGE IIB","T3","N1","M0","1:DECEASED",1.347930434
"TCGA-IB-A7LX","TCGA-IB-A7LX-01","Primary","Pancreas","Pancreas Adenocarcinoma, Ductal Type",57,"Male","STAGE IIB","T3","N1","MX","1:DECEASED",8.21908801
"TCGA-IB-A7M4","TCGA-IB-A7M4-01","Primary","Pancreas","Pancreas Adenocarcinoma, Ductal Type",81,"Male","STAGE IIB","T3","N1","MX","0:LIVING",15.87927804
"TCGA-IB-AAUM","TCGA-IB-AAUM-01","Primary","Pancreas","Pancreas Adenocarcinoma, Ductal Type",76,"Male","STAGE IIB","T2","N1","M0","0:LIVING",0.263010816
"TCGA-IB-AAUN","TCGA-IB-AAUN-01","Primary","Pancreas","Pancreas Adenocarcinoma, Ductal Type",74,"Female","STAGE IB","T2","N0","M0","1:DECEASED",4.734194694
"TCGA-IB-AAUO","TCGA-IB-AAUO-01","Primary","Pancreas","Pancreas Adenocarcinoma, Ductal Type",64,"Female","STAGE IIB","T3","N1","M0","1:DECEASED",7.857448138
"TCGA-IB-AAUP","TCGA-IB-AAUP-01","Primary","Pancreas","Pancreas Adenocarcinoma, Ductal Type",68,"Male","STAGE IIB","T3","N1","M0","0:LIVING",14.16970773
"TCGA-IB-AAUQ","TCGA-IB-AAUQ-01","Primary","Pancreas","Pancreas Adenocarcinoma, Ductal Type",50,"Male","STAGE IIB","T3","N1","M0","1:DECEASED",6.016372423
"TCGA-IB-AAUR","TCGA-IB-AAUR-01","Primary","Pancreas","Pancreas Adenocarcinoma, Ductal Type",67,"Male","STAGE IIB","T3","N1","M0","0:LIVING",11.11220699
"TCGA-IB-AAUS","TCGA-IB-AAUS-01","Primary","Pancreas","Pancreas Adenocarcinoma, Ductal Type",84,"Female","STAGE IIB","T3","N1","M0","0:LIVING",7.397179209
"TCGA-IB-AAUT","TCGA-IB-AAUT-01","Primary","Pancreas","Pancreas Carcinoma, Colloid (Mucinous Non-Cystic)",65,"Male","STAGE IIB","T2","N1","M0","0:LIVING",9.435513036
"TCGA-IB-AAUU","TCGA-IB-AAUU-01","Primary","Pancreas","Pancreas Adenocarcinoma, Ductal Type",35,"Male","STAGE IIB","T3","N1","M0","0:LIVING",8.05470625
"TCGA-IB-AAUV","TCGA-IB-AAUV-01","Primary","Pancreas","Pancreas Adenocarcinoma, Ductal Type",49,"Male","STAGE IIB","T3","N1","M0","0:LIVING",13.28204622
"TCGA-IB-AAUW","TCGA-IB-AAUW-01","Primary","Pancreas","Pancreas Adenocarcinoma, Ductal Type",63,"Female","STAGE IIB","T3","N1","M0","1:DECEASED",7.561560969
"TCGA-L1-A7W4","TCGA-L1-A7W4-01","Primary","Pancreas","Pancreas Adenocarcinoma, Ductal Type",48,"Female","STAGE IIB","T3","N1","M0","1:DECEASED",9.139625867
"TCGA-LB-A7SX","TCGA-LB-A7SX-01","Primary","Pancreas","Pancreas Adenocarcinoma, Ductal Type",74,"Female","STAGE IIB","T3","N1","MX","1:DECEASED",12.92040635
"TCGA-LB-A8F3","TCGA-LB-A8F3-01","Primary","Pancreas","Pancreas Adenocarcinoma, Ductal Type",64,"Female","STAGE IIA","T3","N0","MX","0:LIVING",12.46013742
"TCGA-LB-A9Q5","TCGA-LB-A9Q5-01","Primary","Pancreas","Pancreas Adenocarcinoma, Ductal Type",63,"Female","STAGE IIB","T3","N1","MX","1:DECEASED",10.29029819
"TCGA-M8-A5N4","TCGA-M8-A5N4-01","Primary","Pancreas","Pancreas Adenocarcinoma, Ductal Type",48,"Female","STAGE IIA","T3","N0","M0","0:LIVING",19.19978959
"TCGA-OE-A75W","TCGA-OE-A75W-01","Primary","Pancreas","Pancreas Adenocarcinoma, Ductal Type",75,"Male","STAGE IIA","T3","N0","M0","1:DECEASED",8.777985995
"TCGA-PZ-A5RE","TCGA-PZ-A5RE-01","Primary","Pancreas","Pancreas Adenocarcinoma, Ductal Type",44,"Female","STAGE IIB","T3","N1","MX","1:DECEASED",15.45188546
"TCGA-Q3-A5QY","TCGA-Q3-A5QY-01","Primary","Pancreas","Pancreas Adenocarcinoma, Ductal Type",58,"Male","STAGE IIB","T3","N1","MX","0:LIVING",13.67656245
"TCGA-Q3-AA2A","TCGA-Q3-AA2A-01","Primary","Pancreas","Pancreas Adenocarcinoma, Ductal Type",64,"Female","STAGE IB","T3","N1","MX","0:LIVING",3.123253444
"TCGA-RB-A7B8","TCGA-RB-A7B8-01","Primary","Pancreas","Pancreas Adenocarcinoma, Other Subtype",81,"Female","STAGE IIB","T3","N1","MX","1:DECEASED",15.32038005
"TCGA-RB-AA9M","TCGA-RB-AA9M-01","Primary","Pancreas","Pancreas Adenocarcinoma, Ductal Type",43,"Male","STAGE IIB","T1","N1","MX","0:LIVING",9.402636683
"TCGA-RL-AAAS","TCGA-RL-AAAS-01","Primary","Pancreas","Pancreas Adenocarcinoma, Ductal Type",60,"Female","STAGE IB","T2","N0","M0","0:LIVING",0.295887168
"TCGA-S4-A8RM","TCGA-S4-A8RM-01","Primary","Pancreas","Pancreas Adenocarcinoma, Ductal Type",67,"Male","STAGE IIB","T3","N1","MX","0:LIVING",24.22987145
"TCGA-S4-A8RO","TCGA-S4-A8RO-01","Primary","Pancreas","Pancreas Adenocarcinoma, Ductal Type",75,"Female","STAGE IIB","T3","N1","MX","0:LIVING",17.26008482
"TCGA-S4-A8RP","TCGA-S4-A8RP-01","Primary","Pancreas","Pancreas Adenocarcinoma, Ductal Type",77,"Female","STAGE IIB","T3","N1","MX","1:DECEASED",23.07919913
"TCGA-US-A774","TCGA-US-A774-01","Primary","Pancreas","Pancreas Adenocarcinoma, Ductal Type",76,"Female","STAGE IIB","T3","N1","MX","1:DECEASED",22.84906467
"TCGA-US-A776","TCGA-US-A776-01","Primary","Pancreas","Pancreas Carcinoma, Colloid (Mucinous Non-Cystic)",61,"Male","STAGE IIA","T3","N0","MX","0:LIVING",39.97764408
"TCGA-US-A779","TCGA-US-A779-01","Primary","Pancreas","Pancreas Adenocarcinoma, Ductal Type",54,"Female","STAGE IIB","T3","N1B","MX","1:DECEASED",16.79981589
"TCGA-US-A77E","TCGA-US-A77E-01","Primary","Pancreas","Pancreas Adenocarcinoma, Other Subtype",73,"Male","STAGE IIB","T3","N1","MX","1:DECEASED",14.13683138
"TCGA-US-A77G","TCGA-US-A77G-01","Primary","Pancreas","Pancreas Adenocarcinoma, Ductal Type",64,"Male","STAGE IIB","T3","N1","MX","1:DECEASED",0.394516225
"TCGA-US-A77J","TCGA-US-A77J-01","Primary","Pancreas","Pancreas Adenocarcinoma, Ductal Type",81,"Female","STAGE IIB","T3","N1B","MX","1:DECEASED",18.67376796
"TCGA-XD-AAUG","TCGA-XD-AAUG-01","Primary","Pancreas","Pancreas Adenocarcinoma, Ductal Type",66,"Female","STAGE IV","T3","N1","M1","0:LIVING",13.80806786
"TCGA-XD-AAUH","TCGA-XD-AAUH-01","Primary","Pancreas","Pancreas Adenocarcinoma, Ductal Type",57,"Female","STAGE IIB","T3","N1","M0","0:LIVING",12.98615906
"TCGA-XD-AAUI","TCGA-XD-AAUI-01","Primary","Pancreas","Pancreas Adenocarcinoma, Ductal Type",50,"Female","STAGE IIB","T3","N1","MX","1:DECEASED",12.03274485
"TCGA-XD-AAUL","TCGA-XD-AAUL-01","Primary","Pancreas","Pancreas Adenocarcinoma, Ductal Type",56,"Male","STAGE IIA","T3","N0","MX","0:LIVING",16.37242332
"TCGA-XN-A8T3","TCGA-XN-A8T3-01","Primary","Pancreas","Pancreas Adenocarcinoma, Ductal Type",67,"Male","STAGE IB","T2","N0","M0","0:LIVING",31.26541079
"TCGA-XN-A8T5","TCGA-XN-A8T5-01","Primary","Pancreas","Pancreas Adenocarcinoma, Other Subtype",53,"Female","STAGE IB","T2","N0","M0","0:LIVING",23.67097347
"TCGA-YB-A89D","TCGA-YB-A89D-01","Primary","Pancreas","Pancreas Adenocarcinoma, Ductal Type",59,"Male","STAGE IIB","T3","N1","MX","0:LIVING",11.50672321
"TCGA-YH-A8SY","TCGA-YH-A8SY-01","Primary","Pancreas","Pancreatic Adenocarcinoma",73,"Female","STAGE III","T3","N1","MX","0:LIVING",12.75602459
"TCGA-YY-A8LH","TCGA-YY-A8LH-01","Primary","Pancreas","Pancreas Adenocarcinoma, Ductal Type",61,"Female","STAGE IIB","T3","N1","MX","0:LIVING",66.27872571
"TCGA-Z5-AAPL","TCGA-Z5-AAPL-01","Primary","Pancreas","Pancreas Adenocarcinoma, Ductal Type",74,"Female","STAGE IIA","T3","N0","M0","0:LIVING",15.3532564
