"gene_symbol","entrez_id","effect_size","p_value","FDR"
"EIF1AX",1964,0.768041237113402,0,0
"KDM5C",8242,0.802061855670103,0,0
"TSIX",9383,0.973969072164949,0,0
"XIST",7503,0.995876288659794,0,0
"TMSB4Y",9087,-0.997938144329897,3.98869041752952e-32,1.52583363232174e-28
"NCRNA00185",55410,-0.983505154639175,7.98191022540532e-32,2.54449994802213e-28
"TTTY15",64595,-0.997164948453608,1.13510735098987e-31,3.10159975748332e-28
"CYorf15A",246126,-0.994845360824742,1.3149424824017e-31,3.14386310761216e-28
"CYorf15B",84663,-0.998453608247423,1.54915905409104e-31,3.29230724751103e-28
"EIF1AY",9086,-0.99819587628866,1.86809793415646e-31,3.57311091866105e-28
"UTY",7404,-0.996649484536082,2.67252212561223e-31,4.64703006332592e-28
"TTTY14",83869,-0.968041237113402,5.48193257461198e-31,8.73774369621694e-28
"KDM5D",8284,-0.999226804123711,7.46847858592876e-31,1.09884299933123e-27
"ZFY",7544,-0.996907216494845,1.20876594856107e-30,1.65143330700912e-27
"NLGN4Y",22829,-0.99819587628866,1.55765305958005e-30,1.98621533803918e-27
"DDX3Y",8653,-0.998453608247423,1.78417256252745e-30,2.13286678771641e-27
"USP9Y",8287,-0.986082474226804,1.89623840948225e-30,2.13349129753924e-27
"PRKY",5616,-0.999226804123711,2.95825995613342e-30,3.09966022864198e-27
"RPS4Y1",6192,-0.99819587628866,3.07907901627007e-30,3.09966022864198e-27
"BCORL2",286554,-0.889432989690722,2.3814566607243e-27,2.27750607748368e-24
"TTTY2",60439,-0.805154639175258,9.93607464809013e-24,9.04987141876286e-21
"NCRNA00230B",401629,-0.778479381443299,8.2096002121113e-23,7.13750105713877e-20
"TBL1Y",90665,-0.757860824742268,5.60627852930822e-22,4.6622299752208e-19
"TTTY10",246119,-0.682474226804124,4.95470881302386e-19,3.94869647777948e-16
"KDM6A",7403,0.712371134020618,4.44089209850063e-16,3.39763772672086e-13
"SRY",6736,-0.581185567010309,1.65895639141772e-15,1.22041764994795e-12
"DAZ1",1617,-0.592268041237113,3.45947090806354e-15,2.45071481698264e-12
"NCRNA00183",554203,0.681958762886598,6.21724893790088e-15,4.24704715840107e-12
"HSFY2",159119,-0.536082474226804,2.62969434673715e-14,1.73441944034626e-11
"PNPLA4",8228,0.635309278350515,3.75699471533153e-13,2.39533459733821e-10
"ZRSR2",8233,0.606443298969072,4.09317024718803e-12,2.52548604251501e-09
"HDHD1A",8226,0.588659793814433,1.69018132822885e-11,1.01025307078229e-08
"ZFX",7543,0.581185567010309,3.03059799477978e-11,1.75655296503494e-08
"SYAP1",94056,0.580670103092783,3.15429904418352e-11,1.77447875935583e-08
"DDX3X",1654,0.567783505154639,8.4812157297165e-11,4.63486323606535e-08
"RPS4X",6191,0.536082474226804,8.82837136728654e-10,4.69056275394693e-07
"SMC1A",8243,0.533247422680412,1.08181064106816e-09,5.5923762518137e-07
"CA5BP",340591,0.505154639175258,7.66919328043514e-09,3.86022789144429e-06
"RPS4Y2",140032,-0.329896907216495,1.90459890996436e-08,9.34083675663801e-06
"TTTY4C",474150,-0.309278350515464,6.32332204589184e-08,3.02365451929433e-05
"FUNDC1",139341,0.472680412371134,6.51016101027579e-08,3.0370695035011e-05
"PPP1R2P9",80316,0.292654639175258,8.91936797753345e-08,4.06192265014958e-05
"PCDH11Y",83259,-0.356701030927835,3.39319661648415e-07,0.000150934120194168
"ARSD",414,0.419072164948454,1.65855749334476e-06,0.000720982481254664
"PRY2",442862,-0.237113402061856,3.50805715178795e-06,0.00149108020316107
"PRKX",5613,0.391752577319588,7.5104455701247e-06,0.00312287592216903
"DDIT3",1649,-0.381443298969072,1.29596329542185e-05,0.00527401913862421
"CA5B",11238,0.380927835051546,1.33133382496098e-05,0.00530508793125597
"DAZ3",57054,-0.206185567010309,1.80950893306039e-05,0.00706336272707063
"STS",412,0.373067010309278,1.99906670086403e-05,0.00764722975748525
"DAZ2",57055,-0.195876288659794,3.09614558494207e-05,0.011611760118272
"EIF2S3",1968,0.345618556701031,7.77970733496502e-05,0.0284237821582933
"GYG2",8908,0.345360824742268,7.87609376478038e-05,0.0284237821582933
"TXLNG",55787,0.34020618556701,0.000100579370929221,0.0356255856993188
