"gene_symbol","PH_p_value","PH_assumption"
"ACTL6A",0.266541589360599,"No evidence of violation"
"INSIG2",0.310838968453481,"No evidence of violation"
"MET",0.333176003270965,"No evidence of violation"
"ARNTL2",0.35394064238364,"No evidence of violation"
"GMPS",0.36287242131774,"No evidence of violation"
"MXD4",0.371467718011397,"No evidence of violation"
"NAA50",0.464698733075659,"No evidence of violation"
"SEC61A2",0.46617828136362,"No evidence of violation"
"ARMC10",0.53055523899182,"No evidence of violation"
"SGSM2",0.586785521675176,"No evidence of violation"
"KPNA4",0.689425840433486,"No evidence of violation"
"SLC26A11",0.719314636026869,"No evidence of violation"
"SPRN",0.810098185832431,"No evidence of violation"
"CAMTA2",0.813324812806801,"No evidence of violation"
"USP20",0.845207400247417,"No evidence of violation"
"PWWP3A",0.902644089095817,"No evidence of violation"
"ARMC5",0.917066973034354,"No evidence of violation"
"THSD1P1",0.954064402744742,"No evidence of violation"
"CASKIN2",0.971711853185594,"No evidence of violation"
"TRIM67",0.991445828540256,"No evidence of violation"
