"gene_symbol","entrez_id","HR","CI_lower","CI_upper","p_value","FDR","PH_p_value","PH_assumption"
"ARNTL2",56938,1.76217790844693,1.43735007629608,2.16041382835585,5.03908378570012e-08,0.000321275185230287,0.499787506379861,"No evidence of violation"
"MET",4233,1.85547253943704,1.4900964566414,2.31043992438232,3.3028679274258e-08,0.000321275185230287,0.497271577027795,"No evidence of violation"
"TRIM67",440730,0.465173466885661,0.354063443932983,0.611151357199652,3.88488739939025e-08,0.000321275185230287,0.968903466006271,"No evidence of violation"
"ACTL6A",86,4.78846579216244,2.68995029810113,8.52409974225028,1.02061411874646e-07,0.0003390948019059,0.333212082332597,"No evidence of violation"
"CAMTA2",23125,0.270477892650283,0.166024839621827,0.44064665612193,1.51251995527917e-07,0.0003390948019059,0.944339371266664,"No evidence of violation"
"PWWP3A",84939,0.299339733857183,0.191035935832077,0.469044087833048,1.41113945715692e-07,0.0003390948019059,0.989585775316935,"No evidence of violation"
"SEC61A2",55176,0.319097325951907,0.208714381093654,0.487858588833739,1.33793362443723e-07,0.0003390948019059,0.417830119783131,"No evidence of violation"
"THSD1P1",374500,0.370469000744425,0.255555038460207,0.537055662606096,1.59557338691541e-07,0.0003390948019059,0.777477219734588,"No evidence of violation"
"USP20",10868,0.247725901328837,0.148195878828616,0.414101408718356,1.01956492323949e-07,0.0003390948019059,0.964574289041296,"No evidence of violation"
"INSIG2",51141,2.52796411175701,1.77765288162405,3.59496649564847,2.44128397619713e-07,0.000389120321772687,0.46169431018451,"No evidence of violation"
"TLE2",7089,0.549731415054461,0.438238364959842,0.689589622591516,2.29557037543749e-07,0.000389120321772687,0.212539401015242,"No evidence of violation"
"CASKIN2",57513,0.366682198927422,0.248569426787688,0.540918634877383,4.2403410879909e-07,0.000524779612509128,0.831905778755515,"No evidence of violation"
"GMPS",8833,3.19853300176647,2.03714081229528,5.02204526149679,4.38985402841326e-07,0.000524779612509128,0.47909208968073,"No evidence of violation"
"SLC26A11",284129,0.513872912702845,0.397088098048169,0.66500449574712,4.16321665676225e-07,0.000524779612509128,0.827299033243263,"No evidence of violation"
"SPRN",503542,0.507551817243044,0.390615436347359,0.659494795176592,3.86367236161273e-07,0.000524779612509128,0.658751245006747,"No evidence of violation"
"ZNF18",7566,0.371626773530636,0.252751123633447,0.546412838128783,4.83154461420626e-07,0.000543605610799548,0.585044711112025,"No evidence of violation"
"ARMC10",83787,4.34196718203134,2.44353865314263,7.71531851382453,5.55634829252211e-07,0.000555193854304064,0.580176467168609,"No evidence of violation"
"KPNA4",3840,4.3568422832793,2.43614006068308,7.79186508514947,6.97714202334083e-07,0.000555193854304064,0.495126424091614,"No evidence of violation"
"MRPL3",11222,4.24830521492303,2.40208288729044,7.51351974348418,6.61620441741023e-07,0.000555193854304064,0.815697614365033,"No evidence of violation"
"PDCD10",11235,4.52188030688146,2.49385913667134,8.19910042595846,6.70605960926785e-07,0.000555193854304064,0.541276904514929,"No evidence of violation"
